"search-number","evaluation","evals-requested-so-far","sun-brightness*","albedo*","cloud_counter_on_start*","co2_counter_on_start*","random-seed","min-result","max-result","mean-result","stdev-result","final-step-result"
"1","1","500","3.4000000000000004","0","0","100","""-1090850669""","11.999999999999998","11.999999999999998","11.999999999999998","0","11.999999999999998"
"1","2","500","3.4000000000000004","0","0","100","""1884603379""","11.999999999999998","11.999999999999998","11.999999999999998","0","11.999999999999998"
"1","3","500","3.4000000000000004","0","0","100","""1369091160""","11.999999999999998","11.999999999999998","11.999999999999998","0","11.999999999999998"
"1","4","500","3.4000000000000004","0","0","100","""159817603""","11.999999999999998","11.999999999999998","11.999999999999998","0","11.999999999999998"
"1","5","500","3.4000000000000004","0","0","100","""700285130""","11.999999999999998","11.999999999999998","11.999999999999998","0","11.999999999999998"
"1","6","500","3.4000000000000004","0","0","100","""-408499969""","11.999999999999998","11.999999999999998","11.999999999999998","0","11.999999999999998"
"1","7","500","3.4000000000000004","0","0","100","""906219803""","11.999999999999998","11.999999999999998","11.999999999999998","0","11.999999999999998"
"1","8","500","3.4000000000000004","0","0","100","""-1025072879""","11.999999999999998","11.999999999999998","11.999999999999998","0","11.999999999999998"
"1","9","500","3.4000000000000004","0","0","100","""1827216505""","11.999999999999998","11.999999999999998","11.999999999999998","0","11.999999999999998"
"1","10","500","3.4000000000000004","0","0","100","""794140154""","11.999999999999998","11.999999999999998","11.999999999999998","0","11.999999999999998"
"1","11","500","2.4000000000000004","0.05","20","100","""-794896895""","11.999999999999998","11.999999999999998","11.999999999999998","0","11.999999999999998"
"1","12","500","2.4000000000000004","0.05","20","100","""338609969""","11.999999999999998","11.999999999999998","11.999999999999998","0","11.999999999999998"
"1","13","500","2.4000000000000004","0.05","20","100","""102267693""","11.999999999999998","11.999999999999998","11.999999999999998","0","11.999999999999998"
"1","14","500","2.4000000000000004","0.05","20","100","""549708845""","11.999999999999998","11.999999999999998","11.999999999999998","0","11.999999999999998"
"1","15","500","2.4000000000000004","0.05","20","100","""-260324613""","11.999999999999998","11.999999999999998","11.999999999999998","0","11.999999999999998"
"1","16","500","2.4000000000000004","0.05","20","100","""-2039463620""","11.999999999999998","11.999999999999998","11.999999999999998","0","11.999999999999998"
"1","17","500","2.4000000000000004","0.05","20","100","""-1819246540""","11.999999999999998","11.999999999999998","11.999999999999998","0","11.999999999999998"
"1","18","500","2.4000000000000004","0.05","20","100","""-1101941413""","11.999999999999998","11.999999999999998","11.999999999999998","0","11.999999999999998"
"1","19","500","2.4000000000000004","0.05","20","100","""-1115516040""","11.999999999999998","11.999999999999998","11.999999999999998","0","11.999999999999998"
"1","20","500","2.4000000000000004","0.05","20","100","""1629158602""","11.999999999999998","11.999999999999998","11.999999999999998","0","11.999999999999998"
"1","21","500","0.8","0.35000000000000003","19","0","""14834188""","11.999999999999998","11.999999999999998","11.999999999999998","0","11.999999999999998"
"1","22","500","0.8","0.35000000000000003","19","0","""-1020497466""","11.999999999999998","11.999999999999998","11.999999999999998","0","11.999999999999998"
"1","23","500","0.8","0.35000000000000003","19","0","""-153389596""","11.999999999999998","11.999999999999998","11.999999999999998","0","11.999999999999998"
"1","24","500","0.8","0.35000000000000003","19","0","""1465426865""","11.999999999999998","11.999999999999998","11.999999999999998","0","11.999999999999998"
"1","25","500","0.8","0.35000000000000003","19","0","""-1165151726""","11.999999999999998","11.999999999999998","11.999999999999998","0","11.999999999999998"
"1","26","500","0.8","0.35000000000000003","19","0","""509545683""","11.999999999999998","11.999999999999998","11.999999999999998","0","11.999999999999998"
"1","27","500","0.8","0.35000000000000003","19","0","""-661285809""","11.999999999999998","11.999999999999998","11.999999999999998","0","11.999999999999998"
"1","28","500","0.8","0.35000000000000003","19","0","""626761819""","11.999999999999998","11.999999999999998","11.999999999999998","0","11.999999999999998"
"1","29","500","0.8","0.35000000000000003","19","0","""-906004362""","11.999999999999998","11.999999999999998","11.999999999999998","0","11.999999999999998"
"1","30","500","0.8","0.35000000000000003","19","0","""2067579702""","11.999999999999998","11.999999999999998","11.999999999999998","0","11.999999999999998"
"1","31","500","2.4000000000000004","0.25","10","100","""1384093136""","11.999999999999998","11.999999999999998","11.999999999999998","0","11.999999999999998"
"1","32","500","2.4000000000000004","0.25","10","100","""-1738681906""","11.999999999999998","11.999999999999998","11.999999999999998","0","11.999999999999998"
"1","33","500","2.4000000000000004","0.25","10","100","""2107323451""","11.999999999999998","11.999999999999998","11.999999999999998","0","11.999999999999998"
"1","34","500","2.4000000000000004","0.25","10","100","""1361598331""","11.999999999999998","11.999999999999998","11.999999999999998","0","11.999999999999998"
"1","35","500","2.4000000000000004","0.25","10","100","""-921407348""","11.999999999999998","11.999999999999998","11.999999999999998","0","11.999999999999998"
"1","36","500","2.4000000000000004","0.25","10","100","""-1069944604""","11.999999999999998","11.999999999999998","11.999999999999998","0","11.999999999999998"
"1","37","500","2.4000000000000004","0.25","10","100","""263468101""","11.999999999999998","11.999999999999998","11.999999999999998","0","11.999999999999998"
"1","38","500","2.4000000000000004","0.25","10","100","""-1958626813""","11.999999999999998","11.999999999999998","11.999999999999998","0","11.999999999999998"
"1","39","500","2.4000000000000004","0.25","10","100","""-460913391""","11.999999999999998","11.999999999999998","11.999999999999998","0","11.999999999999998"
"1","40","500","2.4000000000000004","0.25","10","100","""-106493994""","11.999999999999998","11.999999999999998","11.999999999999998","0","11.999999999999998"
"1","41","500","5","0.15000000000000002","4","200","""-1730767911""","11.999999999999998","11.999999999999998","11.999999999999998","0","11.999999999999998"
"1","42","500","5","0.15000000000000002","4","200","""449737833""","11.999999999999998","11.999999999999998","11.999999999999998","0","11.999999999999998"
"1","43","500","5","0.15000000000000002","4","200","""1569895053""","11.999999999999998","11.999999999999998","11.999999999999998","0","11.999999999999998"
"1","44","500","5","0.15000000000000002","4","200","""1370549746""","11.999999999999998","11.999999999999998","11.999999999999998","0","11.999999999999998"
"1","45","500","5","0.15000000000000002","4","200","""1593193601""","11.999999999999998","11.999999999999998","11.999999999999998","0","11.999999999999998"
"1","46","500","5","0.15000000000000002","4","200","""-2039340960""","11.999999999999998","11.999999999999998","11.999999999999998","0","11.999999999999998"
"1","47","500","5","0.15000000000000002","4","200","""-1277811217""","11.999999999999998","11.999999999999998","11.999999999999998","0","11.999999999999998"
"1","48","500","5","0.15000000000000002","4","200","""1291646502""","11.999999999999998","11.999999999999998","11.999999999999998","0","11.999999999999998"
"1","49","500","5","0.15000000000000002","4","200","""-334644998""","11.999999999999998","11.999999999999998","11.999999999999998","0","11.999999999999998"
"1","50","500","5","0.15000000000000002","4","200","""-1721330008""","11.999999999999998","11.999999999999998","11.999999999999998","0","11.999999999999998"
"1","51","500","2","0.9500000000000001","1","0","""627003304""","11.999999999999998","11.999999999999998","11.999999999999998","0","11.999999999999998"
"1","52","500","2","0.9500000000000001","1","0","""-2082173912""","11.999999999999998","11.999999999999998","11.999999999999998","0","11.999999999999998"
"1","53","500","2","0.9500000000000001","1","0","""-993531325""","11.999999999999998","11.999999999999998","11.999999999999998","0","11.999999999999998"
"1","54","500","2","0.9500000000000001","1","0","""-18524427""","11.999999999999998","11.999999999999998","11.999999999999998","0","11.999999999999998"
"1","55","500","2","0.9500000000000001","1","0","""-2099015805""","11.999999999999998","11.999999999999998","11.999999999999998","0","11.999999999999998"
"1","56","500","2","0.9500000000000001","1","0","""1240922243""","11.999999999999998","11.999999999999998","11.999999999999998","0","11.999999999999998"
"1","57","500","2","0.9500000000000001","1","0","""254477499""","11.999999999999998","11.999999999999998","11.999999999999998","0","11.999999999999998"
"1","58","500","2","0.9500000000000001","1","0","""1781092200""","11.999999999999998","11.999999999999998","11.999999999999998","0","11.999999999999998"
"1","59","500","2","0.9500000000000001","1","0","""308675635""","11.999999999999998","11.999999999999998","11.999999999999998","0","11.999999999999998"
"1","60","500","2","0.9500000000000001","1","0","""-36416181""","11.999999999999998","11.999999999999998","11.999999999999998","0","11.999999999999998"
"1","61","500","4.4","0.6000000000000001","7","0","""754210201""","11.999999999999998","11.999999999999998","11.999999999999998","0","11.999999999999998"
"1","62","500","4.4","0.6000000000000001","7","0","""1076065817""","11.999999999999998","11.999999999999998","11.999999999999998","0","11.999999999999998"
"1","63","500","4.4","0.6000000000000001","7","0","""-946783467""","11.999999999999998","11.999999999999998","11.999999999999998","0","11.999999999999998"
"1","64","500","4.4","0.6000000000000001","7","0","""-389005434""","11.999999999999998","11.999999999999998","11.999999999999998","0","11.999999999999998"
"1","65","500","4.4","0.6000000000000001","7","0","""-765021499""","11.999999999999998","11.999999999999998","11.999999999999998","0","11.999999999999998"
"1","66","500","4.4","0.6000000000000001","7","0","""1976188842""","11.999999999999998","11.999999999999998","11.999999999999998","0","11.999999999999998"
"1","67","500","4.4","0.6000000000000001","7","0","""-1467746021""","11.999999999999998","11.999999999999998","11.999999999999998","0","11.999999999999998"
"1","68","500","4.4","0.6000000000000001","7","0","""-1795650618""","11.999999999999998","11.999999999999998","11.999999999999998","0","11.999999999999998"
"1","69","500","4.4","0.6000000000000001","7","0","""737873113""","11.999999999999998","11.999999999999998","11.999999999999998","0","11.999999999999998"
"1","70","500","4.4","0.6000000000000001","7","0","""1733933991""","11.999999999999998","11.999999999999998","11.999999999999998","0","11.999999999999998"
"1","71","500","0.8","0.5","8","150","""1867825364""","11.999999999999998","11.999999999999998","11.999999999999998","0","11.999999999999998"
"1","72","500","0.8","0.5","8","150","""768127070""","11.999999999999998","11.999999999999998","11.999999999999998","0","11.999999999999998"
"1","73","500","0.8","0.5","8","150","""169200763""","11.999999999999998","11.999999999999998","11.999999999999998","0","11.999999999999998"
"1","74","500","0.8","0.5","8","150","""754175097""","11.999999999999998","11.999999999999998","11.999999999999998","0","11.999999999999998"
"1","75","500","0.8","0.5","8","150","""1724302729""","11.999999999999998","11.999999999999998","11.999999999999998","0","11.999999999999998"
"1","76","500","0.8","0.5","8","150","""-1123984505""","11.999999999999998","11.999999999999998","11.999999999999998","0","11.999999999999998"
"1","77","500","0.8","0.5","8","150","""607741842""","11.999999999999998","11.999999999999998","11.999999999999998","0","11.999999999999998"
"1","78","500","0.8","0.5","8","150","""-1887039573""","11.999999999999998","11.999999999999998","11.999999999999998","0","11.999999999999998"
"1","79","500","0.8","0.5","8","150","""-465792514""","11.999999999999998","11.999999999999998","11.999999999999998","0","11.999999999999998"
"1","80","500","0.8","0.5","8","150","""1270039467""","11.999999999999998","11.999999999999998","11.999999999999998","0","11.999999999999998"
"1","81","500","0.4","0.30000000000000004","1","75","""278683909""","11.999999999999998","11.999999999999998","11.999999999999998","0","11.999999999999998"
"1","82","500","0.4","0.30000000000000004","1","75","""397023344""","11.999999999999998","11.999999999999998","11.999999999999998","0","11.999999999999998"
"1","83","500","0.4","0.30000000000000004","1","75","""2003854855""","11.999999999999998","11.999999999999998","11.999999999999998","0","11.999999999999998"
"1","84","500","0.4","0.30000000000000004","1","75","""736413436""","11.999999999999998","11.999999999999998","11.999999999999998","0","11.999999999999998"
"1","85","500","0.4","0.30000000000000004","1","75","""1746806407""","11.999999999999998","11.999999999999998","11.999999999999998","0","11.999999999999998"
"1","86","500","0.4","0.30000000000000004","1","75","""-1237931950""","11.999999999999998","11.999999999999998","11.999999999999998","0","11.999999999999998"
"1","87","500","0.4","0.30000000000000004","1","75","""111148997""","11.999999999999998","11.999999999999998","11.999999999999998","0","11.999999999999998"
"1","88","500","0.4","0.30000000000000004","1","75","""-527131571""","11.999999999999998","11.999999999999998","11.999999999999998","0","11.999999999999998"
"1","89","500","0.4","0.30000000000000004","1","75","""563382152""","11.999999999999998","11.999999999999998","11.999999999999998","0","11.999999999999998"
"1","90","500","0.4","0.30000000000000004","1","75","""-1314181227""","11.999999999999998","11.999999999999998","11.999999999999998","0","11.999999999999998"
"1","91","500","4","0.35000000000000003","15","50","""1299912246""","11.999999999999998","11.999999999999998","11.999999999999998","0","11.999999999999998"
"1","92","500","4","0.35000000000000003","15","50","""-1986853370""","11.999999999999998","11.999999999999998","11.999999999999998","0","11.999999999999998"
"1","93","500","4","0.35000000000000003","15","50","""-1815778501""","11.999999999999998","11.999999999999998","11.999999999999998","0","11.999999999999998"
"1","94","500","4","0.35000000000000003","15","50","""547818668""","11.999999999999998","11.999999999999998","11.999999999999998","0","11.999999999999998"
"1","95","500","4","0.35000000000000003","15","50","""1478787282""","11.999999999999998","11.999999999999998","11.999999999999998","0","11.999999999999998"
"1","96","500","4","0.35000000000000003","15","50","""-1010157040""","11.999999999999998","11.999999999999998","11.999999999999998","0","11.999999999999998"
"1","97","500","4","0.35000000000000003","15","50","""-22808588""","11.999999999999998","11.999999999999998","11.999999999999998","0","11.999999999999998"
"1","98","500","4","0.35000000000000003","15","50","""1896607050""","11.999999999999998","11.999999999999998","11.999999999999998","0","11.999999999999998"
"1","99","500","4","0.35000000000000003","15","50","""-1424519181""","11.999999999999998","11.999999999999998","11.999999999999998","0","11.999999999999998"
"1","100","500","4","0.35000000000000003","15","50","""-780896543""","11.999999999999998","11.999999999999998","11.999999999999998","0","11.999999999999998"
"1","101","500","1.8","0.8","20","75","""886763022""","11.999999999999998","11.999999999999998","11.999999999999998","0","11.999999999999998"
"1","102","500","1.8","0.8","20","75","""1688279823""","11.999999999999998","11.999999999999998","11.999999999999998","0","11.999999999999998"
"1","103","500","1.8","0.8","20","75","""-2018051572""","11.999999999999998","11.999999999999998","11.999999999999998","0","11.999999999999998"
"1","104","500","1.8","0.8","20","75","""-968549882""","11.999999999999998","11.999999999999998","11.999999999999998","0","11.999999999999998"
"1","105","500","1.8","0.8","20","75","""2088839652""","11.999999999999998","11.999999999999998","11.999999999999998","0","11.999999999999998"
"1","106","500","1.8","0.8","20","75","""-794889653""","11.999999999999998","11.999999999999998","11.999999999999998","0","11.999999999999998"
"1","107","500","1.8","0.8","20","75","""1575453850""","11.999999999999998","11.999999999999998","11.999999999999998","0","11.999999999999998"
"1","108","500","1.8","0.8","20","75","""2024454486""","11.999999999999998","11.999999999999998","11.999999999999998","0","11.999999999999998"
"1","109","500","1.8","0.8","20","75","""1283500816""","11.999999999999998","11.999999999999998","11.999999999999998","0","11.999999999999998"
"1","110","500","1.8","0.8","20","75","""1267402907""","11.999999999999998","11.999999999999998","11.999999999999998","0","11.999999999999998"
"1","111","500","0.8","0.7000000000000001","0","200","""1135474665""","11.999999999999998","11.999999999999998","11.999999999999998","0","11.999999999999998"
"1","112","500","0.8","0.7000000000000001","0","200","""-1098986147""","11.999999999999998","11.999999999999998","11.999999999999998","0","11.999999999999998"
"1","113","500","0.8","0.7000000000000001","0","200","""1020137539""","11.999999999999998","11.999999999999998","11.999999999999998","0","11.999999999999998"
"1","114","500","0.8","0.7000000000000001","0","200","""202880039""","11.999999999999998","11.999999999999998","11.999999999999998","0","11.999999999999998"
"1","115","500","0.8","0.7000000000000001","0","200","""-1561287082""","11.999999999999998","11.999999999999998","11.999999999999998","0","11.999999999999998"
"1","116","500","0.8","0.7000000000000001","0","200","""-142845671""","11.999999999999998","11.999999999999998","11.999999999999998","0","11.999999999999998"
"1","117","500","0.8","0.7000000000000001","0","200","""1249933223""","11.999999999999998","11.999999999999998","11.999999999999998","0","11.999999999999998"
"1","118","500","0.8","0.7000000000000001","0","200","""69644895""","11.999999999999998","11.999999999999998","11.999999999999998","0","11.999999999999998"
"1","119","500","0.8","0.7000000000000001","0","200","""452522547""","11.999999999999998","11.999999999999998","11.999999999999998","0","11.999999999999998"
"1","120","500","0.8","0.7000000000000001","0","200","""-1939949387""","11.999999999999998","11.999999999999998","11.999999999999998","0","11.999999999999998"
"1","121","500","4.4","0.2","18","25","""577360480""","11.999999999999998","11.999999999999998","11.999999999999998","0","11.999999999999998"
"1","122","500","4.4","0.2","18","25","""-1062804166""","11.999999999999998","11.999999999999998","11.999999999999998","0","11.999999999999998"
"1","123","500","4.4","0.2","18","25","""-2062572601""","11.999999999999998","11.999999999999998","11.999999999999998","0","11.999999999999998"
"1","124","500","4.4","0.2","18","25","""378607586""","11.999999999999998","11.999999999999998","11.999999999999998","0","11.999999999999998"
"1","125","500","4.4","0.2","18","25","""1534968524""","11.999999999999998","11.999999999999998","11.999999999999998","0","11.999999999999998"
"1","126","500","4.4","0.2","18","25","""445856911""","11.999999999999998","11.999999999999998","11.999999999999998","0","11.999999999999998"
"1","127","500","4.4","0.2","18","25","""-1361913615""","11.999999999999998","11.999999999999998","11.999999999999998","0","11.999999999999998"
"1","128","500","4.4","0.2","18","25","""1605685369""","11.999999999999998","11.999999999999998","11.999999999999998","0","11.999999999999998"
"1","129","500","4.4","0.2","18","25","""1553443250""","11.999999999999998","11.999999999999998","11.999999999999998","0","11.999999999999998"
"1","130","500","4.4","0.2","18","25","""-807898462""","11.999999999999998","11.999999999999998","11.999999999999998","0","11.999999999999998"
"1","131","500","3.4000000000000004","0.75","0","175","""-1219161032""","11.999999999999998","11.999999999999998","11.999999999999998","0","11.999999999999998"
"1","132","500","3.4000000000000004","0.75","0","175","""-1111033520""","11.999999999999998","11.999999999999998","11.999999999999998","0","11.999999999999998"
"1","133","500","3.4000000000000004","0.75","0","175","""-390368568""","11.999999999999998","11.999999999999998","11.999999999999998","0","11.999999999999998"
"1","134","500","3.4000000000000004","0.75","0","175","""-957927049""","11.999999999999998","11.999999999999998","11.999999999999998","0","11.999999999999998"
"1","135","500","3.4000000000000004","0.75","0","175","""1626917732""","11.999999999999998","11.999999999999998","11.999999999999998","0","11.999999999999998"
"1","136","500","3.4000000000000004","0.75","0","175","""-1154020637""","11.999999999999998","11.999999999999998","11.999999999999998","0","11.999999999999998"
"1","137","500","3.4000000000000004","0.75","0","175","""-1770801309""","11.999999999999998","11.999999999999998","11.999999999999998","0","11.999999999999998"
"1","138","500","3.4000000000000004","0.75","0","175","""-41093643""","11.999999999999998","11.999999999999998","11.999999999999998","0","11.999999999999998"
"1","139","500","3.4000000000000004","0.75","0","175","""1742039947""","11.999999999999998","11.999999999999998","11.999999999999998","0","11.999999999999998"
"1","140","500","3.4000000000000004","0.75","0","175","""-787407593""","11.999999999999998","11.999999999999998","11.999999999999998","0","11.999999999999998"
"1","141","500","1.6","0","6","0","""2136358274""","11.999999999999998","11.999999999999998","11.999999999999998","0","11.999999999999998"
"1","142","500","1.6","0","6","0","""-755826107""","11.999999999999998","11.999999999999998","11.999999999999998","0","11.999999999999998"
"1","143","500","1.6","0","6","0","""-837421751""","11.999999999999998","11.999999999999998","11.999999999999998","0","11.999999999999998"
"1","144","500","1.6","0","6","0","""-2112650108""","11.999999999999998","11.999999999999998","11.999999999999998","0","11.999999999999998"
"1","145","500","1.6","0","6","0","""-1732190146""","11.999999999999998","11.999999999999998","11.999999999999998","0","11.999999999999998"
"1","146","500","1.6","0","6","0","""1288228704""","11.999999999999998","11.999999999999998","11.999999999999998","0","11.999999999999998"
"1","147","500","1.6","0","6","0","""1461499976""","11.999999999999998","11.999999999999998","11.999999999999998","0","11.999999999999998"
"1","148","500","1.6","0","6","0","""-284599040""","11.999999999999998","11.999999999999998","11.999999999999998","0","11.999999999999998"
"1","149","500","1.6","0","6","0","""-1558199802""","11.999999999999998","11.999999999999998","11.999999999999998","0","11.999999999999998"
"1","150","500","1.6","0","6","0","""-192281804""","11.999999999999998","11.999999999999998","11.999999999999998","0","11.999999999999998"
"1","151","500","2.8000000000000003","0.8500000000000001","18","25","""1751596523""","11.999999999999998","11.999999999999998","11.999999999999998","0","11.999999999999998"
"1","152","500","2.8000000000000003","0.8500000000000001","18","25","""-1666968138""","11.999999999999998","11.999999999999998","11.999999999999998","0","11.999999999999998"
"1","153","500","2.8000000000000003","0.8500000000000001","18","25","""1913678219""","11.999999999999998","11.999999999999998","11.999999999999998","0","11.999999999999998"
"1","154","500","2.8000000000000003","0.8500000000000001","18","25","""-550642390""","11.999999999999998","11.999999999999998","11.999999999999998","0","11.999999999999998"
"1","155","500","2.8000000000000003","0.8500000000000001","18","25","""511199588""","11.999999999999998","11.999999999999998","11.999999999999998","0","11.999999999999998"
"1","156","500","2.8000000000000003","0.8500000000000001","18","25","""431248132""","11.999999999999998","11.999999999999998","11.999999999999998","0","11.999999999999998"
"1","157","500","2.8000000000000003","0.8500000000000001","18","25","""-517801010""","11.999999999999998","11.999999999999998","11.999999999999998","0","11.999999999999998"
"1","158","500","2.8000000000000003","0.8500000000000001","18","25","""1218426220""","11.999999999999998","11.999999999999998","11.999999999999998","0","11.999999999999998"
"1","159","500","2.8000000000000003","0.8500000000000001","18","25","""777977699""","11.999999999999998","11.999999999999998","11.999999999999998","0","11.999999999999998"
"1","160","500","2.8000000000000003","0.8500000000000001","18","25","""1502548948""","11.999999999999998","11.999999999999998","11.999999999999998","0","11.999999999999998"
"1","161","500","0","0.30000000000000004","9","100","""1205067493""","11.999999999999998","11.999999999999998","11.999999999999998","0","11.999999999999998"
"1","162","500","0","0.30000000000000004","9","100","""1395048073""","11.999999999999998","11.999999999999998","11.999999999999998","0","11.999999999999998"
"1","163","500","0","0.30000000000000004","9","100","""-1669890088""","11.999999999999998","11.999999999999998","11.999999999999998","0","11.999999999999998"
"1","164","500","0","0.30000000000000004","9","100","""1357560109""","11.999999999999998","11.999999999999998","11.999999999999998","0","11.999999999999998"
"1","165","500","0","0.30000000000000004","9","100","""2085664603""","11.999999999999998","11.999999999999998","11.999999999999998","0","11.999999999999998"
"1","166","500","0","0.30000000000000004","9","100","""-1539245843""","11.999999999999998","11.999999999999998","11.999999999999998","0","11.999999999999998"
"1","167","500","0","0.30000000000000004","9","100","""242086604""","11.999999999999998","11.999999999999998","11.999999999999998","0","11.999999999999998"
"1","168","500","0","0.30000000000000004","9","100","""1794312548""","11.999999999999998","11.999999999999998","11.999999999999998","0","11.999999999999998"
"1","169","500","0","0.30000000000000004","9","100","""1597160080""","11.999999999999998","11.999999999999998","11.999999999999998","0","11.999999999999998"
"1","170","500","0","0.30000000000000004","9","100","""72555466""","11.999999999999998","11.999999999999998","11.999999999999998","0","11.999999999999998"
"1","171","500","1.8","0.75","6","25","""570672754""","11.999999999999998","11.999999999999998","11.999999999999998","0","11.999999999999998"
"1","172","500","1.8","0.75","6","25","""-2058640537""","11.999999999999998","11.999999999999998","11.999999999999998","0","11.999999999999998"
"1","173","500","1.8","0.75","6","25","""1510054143""","11.999999999999998","11.999999999999998","11.999999999999998","0","11.999999999999998"
"1","174","500","1.8","0.75","6","25","""1503956716""","11.999999999999998","11.999999999999998","11.999999999999998","0","11.999999999999998"
"1","175","500","1.8","0.75","6","25","""-3219545""","11.999999999999998","11.999999999999998","11.999999999999998","0","11.999999999999998"
"1","176","500","1.8","0.75","6","25","""-619467350""","11.999999999999998","11.999999999999998","11.999999999999998","0","11.999999999999998"
"1","177","500","1.8","0.75","6","25","""-1252698893""","11.999999999999998","11.999999999999998","11.999999999999998","0","11.999999999999998"
"1","178","500","1.8","0.75","6","25","""-301495004""","11.999999999999998","11.999999999999998","11.999999999999998","0","11.999999999999998"
"1","179","500","1.8","0.75","6","25","""1925433979""","11.999999999999998","11.999999999999998","11.999999999999998","0","11.999999999999998"
"1","180","500","1.8","0.75","6","25","""991942419""","11.999999999999998","11.999999999999998","11.999999999999998","0","11.999999999999998"
"1","181","500","0.4","0.30000000000000004","2","0","""-534848518""","11.999999999999998","11.999999999999998","11.999999999999998","0","11.999999999999998"
"1","182","500","0.4","0.30000000000000004","2","0","""-416632389""","11.999999999999998","11.999999999999998","11.999999999999998","0","11.999999999999998"
"1","183","500","0.4","0.30000000000000004","2","0","""1921644711""","11.999999999999998","11.999999999999998","11.999999999999998","0","11.999999999999998"
"1","184","500","0.4","0.30000000000000004","2","0","""-1450933669""","11.999999999999998","11.999999999999998","11.999999999999998","0","11.999999999999998"
"1","185","500","0.4","0.30000000000000004","2","0","""-465636008""","11.999999999999998","11.999999999999998","11.999999999999998","0","11.999999999999998"
"1","186","500","0.4","0.30000000000000004","2","0","""2129141876""","11.999999999999998","11.999999999999998","11.999999999999998","0","11.999999999999998"
"1","187","500","0.4","0.30000000000000004","2","0","""1287533601""","11.999999999999998","11.999999999999998","11.999999999999998","0","11.999999999999998"
"1","188","500","0.4","0.30000000000000004","2","0","""505137711""","11.999999999999998","11.999999999999998","11.999999999999998","0","11.999999999999998"
"1","189","500","0.4","0.30000000000000004","2","0","""-640298161""","11.999999999999998","11.999999999999998","11.999999999999998","0","11.999999999999998"
"1","190","500","0.4","0.30000000000000004","2","0","""1821322156""","11.999999999999998","11.999999999999998","11.999999999999998","0","11.999999999999998"
"1","191","500","4.6000000000000005","0.8500000000000001","17","150","""-679959894""","11.999999999999998","11.999999999999998","11.999999999999998","0","11.999999999999998"
"1","192","500","4.6000000000000005","0.8500000000000001","17","150","""-872715883""","11.999999999999998","11.999999999999998","11.999999999999998","0","11.999999999999998"
"1","193","500","4.6000000000000005","0.8500000000000001","17","150","""1286027869""","11.999999999999998","11.999999999999998","11.999999999999998","0","11.999999999999998"
"1","194","500","4.6000000000000005","0.8500000000000001","17","150","""-1037410656""","11.999999999999998","11.999999999999998","11.999999999999998","0","11.999999999999998"
"1","195","500","4.6000000000000005","0.8500000000000001","17","150","""-914280563""","11.999999999999998","11.999999999999998","11.999999999999998","0","11.999999999999998"
"1","196","500","4.6000000000000005","0.8500000000000001","17","150","""-896685342""","11.999999999999998","11.999999999999998","11.999999999999998","0","11.999999999999998"
"1","197","500","4.6000000000000005","0.8500000000000001","17","150","""-645088522""","11.999999999999998","11.999999999999998","11.999999999999998","0","11.999999999999998"
"1","198","500","4.6000000000000005","0.8500000000000001","17","150","""-673481021""","11.999999999999998","11.999999999999998","11.999999999999998","0","11.999999999999998"
"1","199","500","4.6000000000000005","0.8500000000000001","17","150","""1967185358""","11.999999999999998","11.999999999999998","11.999999999999998","0","11.999999999999998"
"1","200","500","4.6000000000000005","0.8500000000000001","17","150","""1256720648""","11.999999999999998","11.999999999999998","11.999999999999998","0","11.999999999999998"
"1","201","500","4.4","0.65","18","200","""1835360586""","11.999999999999998","11.999999999999998","11.999999999999998","0","11.999999999999998"
"1","202","500","4.4","0.65","18","200","""1930682330""","11.999999999999998","11.999999999999998","11.999999999999998","0","11.999999999999998"
"1","203","500","4.4","0.65","18","200","""-1032092571""","11.999999999999998","11.999999999999998","11.999999999999998","0","11.999999999999998"
"1","204","500","4.4","0.65","18","200","""820232667""","11.999999999999998","11.999999999999998","11.999999999999998","0","11.999999999999998"
"1","205","500","4.4","0.65","18","200","""-1817077088""","11.999999999999998","11.999999999999998","11.999999999999998","0","11.999999999999998"
"1","206","500","4.4","0.65","18","200","""-611178502""","11.999999999999998","11.999999999999998","11.999999999999998","0","11.999999999999998"
"1","207","500","4.4","0.65","18","200","""-2109493716""","11.999999999999998","11.999999999999998","11.999999999999998","0","11.999999999999998"
"1","208","500","4.4","0.65","18","200","""954808663""","11.999999999999998","11.999999999999998","11.999999999999998","0","11.999999999999998"
"1","209","500","4.4","0.65","18","200","""-17160554""","11.999999999999998","11.999999999999998","11.999999999999998","0","11.999999999999998"
"1","210","500","4.4","0.65","18","200","""-2136314991""","11.999999999999998","11.999999999999998","11.999999999999998","0","11.999999999999998"
"1","211","500","2.2","0.8","10","175","""-379035519""","11.999999999999998","11.999999999999998","11.999999999999998","0","11.999999999999998"
"1","212","500","2.2","0.8","10","175","""893594259""","11.999999999999998","11.999999999999998","11.999999999999998","0","11.999999999999998"
"1","213","500","2.2","0.8","10","175","""1695567344""","11.999999999999998","11.999999999999998","11.999999999999998","0","11.999999999999998"
"1","214","500","2.2","0.8","10","175","""-992771355""","11.999999999999998","11.999999999999998","11.999999999999998","0","11.999999999999998"
"1","215","500","2.2","0.8","10","175","""-751399469""","11.999999999999998","11.999999999999998","11.999999999999998","0","11.999999999999998"
"1","216","500","2.2","0.8","10","175","""-681188084""","11.999999999999998","11.999999999999998","11.999999999999998","0","11.999999999999998"
"1","217","500","2.2","0.8","10","175","""-215105895""","11.999999999999998","11.999999999999998","11.999999999999998","0","11.999999999999998"
"1","218","500","2.2","0.8","10","175","""1320660176""","11.999999999999998","11.999999999999998","11.999999999999998","0","11.999999999999998"
"1","219","500","2.2","0.8","10","175","""1555844852""","11.999999999999998","11.999999999999998","11.999999999999998","0","11.999999999999998"
"1","220","500","2.2","0.8","10","175","""-1633180747""","11.999999999999998","11.999999999999998","11.999999999999998","0","11.999999999999998"
"1","221","500","4.4","0.25","3","125","""-603352073""","11.999999999999998","11.999999999999998","11.999999999999998","0","11.999999999999998"
"1","222","500","4.4","0.25","3","125","""699926505""","11.999999999999998","11.999999999999998","11.999999999999998","0","11.999999999999998"
"1","223","500","4.4","0.25","3","125","""-1626910153""","11.999999999999998","11.999999999999998","11.999999999999998","0","11.999999999999998"
"1","224","500","4.4","0.25","3","125","""-389208912""","11.999999999999998","11.999999999999998","11.999999999999998","0","11.999999999999998"
"1","225","500","4.4","0.25","3","125","""-2082043438""","11.999999999999998","11.999999999999998","11.999999999999998","0","11.999999999999998"
"1","226","500","4.4","0.25","3","125","""-1687941526""","11.999999999999998","11.999999999999998","11.999999999999998","0","11.999999999999998"
"1","227","500","4.4","0.25","3","125","""196365632""","11.999999999999998","11.999999999999998","11.999999999999998","0","11.999999999999998"
"1","228","500","4.4","0.25","3","125","""-1633278300""","11.999999999999998","11.999999999999998","11.999999999999998","0","11.999999999999998"
"1","229","500","4.4","0.25","3","125","""-978421159""","11.999999999999998","11.999999999999998","11.999999999999998","0","11.999999999999998"
"1","230","500","4.4","0.25","3","125","""-1500730840""","11.999999999999998","11.999999999999998","11.999999999999998","0","11.999999999999998"
"1","231","500","4.4","0.9","5","200","""-282818565""","11.999999999999998","11.999999999999998","11.999999999999998","0","11.999999999999998"
"1","232","500","4.4","0.9","5","200","""969433777""","11.999999999999998","11.999999999999998","11.999999999999998","0","11.999999999999998"
"1","233","500","4.4","0.9","5","200","""1293086177""","11.999999999999998","11.999999999999998","11.999999999999998","0","11.999999999999998"
"1","234","500","4.4","0.9","5","200","""1059517888""","11.999999999999998","11.999999999999998","11.999999999999998","0","11.999999999999998"
"1","235","500","4.4","0.9","5","200","""-1572248095""","11.999999999999998","11.999999999999998","11.999999999999998","0","11.999999999999998"
"1","236","500","4.4","0.9","5","200","""433549956""","11.999999999999998","11.999999999999998","11.999999999999998","0","11.999999999999998"
"1","237","500","4.4","0.9","5","200","""919796927""","11.999999999999998","11.999999999999998","11.999999999999998","0","11.999999999999998"
"1","238","500","4.4","0.9","5","200","""1136841897""","11.999999999999998","11.999999999999998","11.999999999999998","0","11.999999999999998"
"1","239","500","4.4","0.9","5","200","""470494752""","11.999999999999998","11.999999999999998","11.999999999999998","0","11.999999999999998"
"1","240","500","4.4","0.9","5","200","""-782364098""","11.999999999999998","11.999999999999998","11.999999999999998","0","11.999999999999998"
"1","241","500","4.4","0.55","10","0","""-389010328""","11.999999999999998","11.999999999999998","11.999999999999998","0","11.999999999999998"
"1","242","500","4.4","0.55","10","0","""583414771""","11.999999999999998","11.999999999999998","11.999999999999998","0","11.999999999999998"
"1","243","500","4.4","0.55","10","0","""2024858295""","11.999999999999998","11.999999999999998","11.999999999999998","0","11.999999999999998"
"1","244","500","4.4","0.55","10","0","""-697368645""","11.999999999999998","11.999999999999998","11.999999999999998","0","11.999999999999998"
"1","245","500","4.4","0.55","10","0","""1353873192""","11.999999999999998","11.999999999999998","11.999999999999998","0","11.999999999999998"
"1","246","500","4.4","0.55","10","0","""-929286212""","11.999999999999998","11.999999999999998","11.999999999999998","0","11.999999999999998"
"1","247","500","4.4","0.55","10","0","""-1523607582""","11.999999999999998","11.999999999999998","11.999999999999998","0","11.999999999999998"
"1","248","500","4.4","0.55","10","0","""1787389553""","11.999999999999998","11.999999999999998","11.999999999999998","0","11.999999999999998"
"1","249","500","4.4","0.55","10","0","""38557398""","11.999999999999998","11.999999999999998","11.999999999999998","0","11.999999999999998"
"1","250","500","4.4","0.55","10","0","""823731320""","11.999999999999998","11.999999999999998","11.999999999999998","0","11.999999999999998"
"1","251","500","0.4","0.55","13","200","""215458122""","11.999999999999998","11.999999999999998","11.999999999999998","0","11.999999999999998"
"1","252","500","0.4","0.55","13","200","""-1573778264""","11.999999999999998","11.999999999999998","11.999999999999998","0","11.999999999999998"
"1","253","500","0.4","0.55","13","200","""-1187670915""","11.999999999999998","11.999999999999998","11.999999999999998","0","11.999999999999998"
"1","254","500","0.4","0.55","13","200","""97297518""","11.999999999999998","11.999999999999998","11.999999999999998","0","11.999999999999998"
"1","255","500","0.4","0.55","13","200","""-1958428540""","11.999999999999998","11.999999999999998","11.999999999999998","0","11.999999999999998"
"1","256","500","0.4","0.55","13","200","""1620494780""","11.999999999999998","11.999999999999998","11.999999999999998","0","11.999999999999998"
"1","257","500","0.4","0.55","13","200","""264583399""","11.999999999999998","11.999999999999998","11.999999999999998","0","11.999999999999998"
"1","258","500","0.4","0.55","13","200","""2022879284""","11.999999999999998","11.999999999999998","11.999999999999998","0","11.999999999999998"
"1","259","500","0.4","0.55","13","200","""1267683303""","11.999999999999998","11.999999999999998","11.999999999999998","0","11.999999999999998"
"1","260","500","0.4","0.55","13","200","""-970452118""","11.999999999999998","11.999999999999998","11.999999999999998","0","11.999999999999998"
"1","261","500","1.6","0.45","19","75","""-548300120""","11.999999999999998","11.999999999999998","11.999999999999998","0","11.999999999999998"
"1","262","500","1.6","0.45","19","75","""365948723""","11.999999999999998","11.999999999999998","11.999999999999998","0","11.999999999999998"
"1","263","500","1.6","0.45","19","75","""-123895720""","11.999999999999998","11.999999999999998","11.999999999999998","0","11.999999999999998"
"1","264","500","1.6","0.45","19","75","""-531873939""","11.999999999999998","11.999999999999998","11.999999999999998","0","11.999999999999998"
"1","265","500","1.6","0.45","19","75","""-826975994""","11.999999999999998","11.999999999999998","11.999999999999998","0","11.999999999999998"
"1","266","500","1.6","0.45","19","75","""1507187733""","11.999999999999998","11.999999999999998","11.999999999999998","0","11.999999999999998"
"1","267","500","1.6","0.45","19","75","""1269183663""","11.999999999999998","11.999999999999998","11.999999999999998","0","11.999999999999998"
"1","268","500","1.6","0.45","19","75","""1862670551""","11.999999999999998","11.999999999999998","11.999999999999998","0","11.999999999999998"
"1","269","500","1.6","0.45","19","75","""1841310090""","11.999999999999998","11.999999999999998","11.999999999999998","0","11.999999999999998"
"1","270","500","1.6","0.45","19","75","""1300061706""","11.999999999999998","11.999999999999998","11.999999999999998","0","11.999999999999998"
"1","271","500","3.2","0.75","7","125","""1547525603""","11.999999999999998","11.999999999999998","11.999999999999998","0","11.999999999999998"
"1","272","500","3.2","0.75","7","125","""-1198143836""","11.999999999999998","11.999999999999998","11.999999999999998","0","11.999999999999998"
"1","273","500","3.2","0.75","7","125","""-1441849826""","11.999999999999998","11.999999999999998","11.999999999999998","0","11.999999999999998"
"1","274","500","3.2","0.75","7","125","""1177638098""","11.999999999999998","11.999999999999998","11.999999999999998","0","11.999999999999998"
"1","275","500","3.2","0.75","7","125","""-66457598""","11.999999999999998","11.999999999999998","11.999999999999998","0","11.999999999999998"
"1","276","500","3.2","0.75","7","125","""982437510""","11.999999999999998","11.999999999999998","11.999999999999998","0","11.999999999999998"
"1","277","500","3.2","0.75","7","125","""980688805""","11.999999999999998","11.999999999999998","11.999999999999998","0","11.999999999999998"
"1","278","500","3.2","0.75","7","125","""61450917""","11.999999999999998","11.999999999999998","11.999999999999998","0","11.999999999999998"
"1","279","500","3.2","0.75","7","125","""-147981206""","11.999999999999998","11.999999999999998","11.999999999999998","0","11.999999999999998"
"1","280","500","3.2","0.75","7","125","""-1610208829""","11.999999999999998","11.999999999999998","11.999999999999998","0","11.999999999999998"
"1","281","500","4.800000000000001","0.75","13","75","""978131043""","11.999999999999998","11.999999999999998","11.999999999999998","0","11.999999999999998"
"1","282","500","4.800000000000001","0.75","13","75","""-1518457594""","11.999999999999998","11.999999999999998","11.999999999999998","0","11.999999999999998"
"1","283","500","4.800000000000001","0.75","13","75","""2060922094""","11.999999999999998","11.999999999999998","11.999999999999998","0","11.999999999999998"
"1","284","500","4.800000000000001","0.75","13","75","""-1234839960""","11.999999999999998","11.999999999999998","11.999999999999998","0","11.999999999999998"
"1","285","500","4.800000000000001","0.75","13","75","""-1944313971""","11.999999999999998","11.999999999999998","11.999999999999998","0","11.999999999999998"
"1","286","500","4.800000000000001","0.75","13","75","""-1567463235""","11.999999999999998","11.999999999999998","11.999999999999998","0","11.999999999999998"
"1","287","500","4.800000000000001","0.75","13","75","""1644410531""","11.999999999999998","11.999999999999998","11.999999999999998","0","11.999999999999998"
"1","288","500","4.800000000000001","0.75","13","75","""-1275294463""","11.999999999999998","11.999999999999998","11.999999999999998","0","11.999999999999998"
"1","289","500","4.800000000000001","0.75","13","75","""-414633426""","11.999999999999998","11.999999999999998","11.999999999999998","0","11.999999999999998"
"1","290","500","4.800000000000001","0.75","13","75","""-1003893130""","11.999999999999998","11.999999999999998","11.999999999999998","0","11.999999999999998"
"1","291","500","0.8","0.9500000000000001","16","125","""162212297""","11.999999999999998","11.999999999999998","11.999999999999998","0","11.999999999999998"
"1","292","500","0.8","0.9500000000000001","16","125","""-1567466056""","11.999999999999998","11.999999999999998","11.999999999999998","0","11.999999999999998"
"1","293","500","0.8","0.9500000000000001","16","125","""-204492406""","11.999999999999998","11.999999999999998","11.999999999999998","0","11.999999999999998"
"1","294","500","0.8","0.9500000000000001","16","125","""1050150059""","11.999999999999998","11.999999999999998","11.999999999999998","0","11.999999999999998"
"1","295","500","0.8","0.9500000000000001","16","125","""608238230""","11.999999999999998","11.999999999999998","11.999999999999998","0","11.999999999999998"
"1","296","500","0.8","0.9500000000000001","16","125","""2017476048""","11.999999999999998","11.999999999999998","11.999999999999998","0","11.999999999999998"
"1","297","500","0.8","0.9500000000000001","16","125","""-1890515569""","11.999999999999998","11.999999999999998","11.999999999999998","0","11.999999999999998"
"1","298","500","0.8","0.9500000000000001","16","125","""459157214""","11.999999999999998","11.999999999999998","11.999999999999998","0","11.999999999999998"
"1","299","500","0.8","0.9500000000000001","16","125","""-500821462""","11.999999999999998","11.999999999999998","11.999999999999998","0","11.999999999999998"
"1","300","500","0.8","0.9500000000000001","16","125","""-111576564""","11.999999999999998","11.999999999999998","11.999999999999998","0","11.999999999999998"
"1","301","500","1.8","0.65","6","50","""-1559387761""","11.999999999999998","11.999999999999998","11.999999999999998","0","11.999999999999998"
"1","302","500","1.8","0.65","6","50","""1656610842""","11.999999999999998","11.999999999999998","11.999999999999998","0","11.999999999999998"
"1","303","500","1.8","0.65","6","50","""-765408122""","11.999999999999998","11.999999999999998","11.999999999999998","0","11.999999999999998"
"1","304","500","1.8","0.65","6","50","""1772904579""","11.999999999999998","11.999999999999998","11.999999999999998","0","11.999999999999998"
"1","305","500","1.8","0.65","6","50","""-1593416802""","11.999999999999998","11.999999999999998","11.999999999999998","0","11.999999999999998"
"1","306","500","1.8","0.65","6","50","""1369236535""","11.999999999999998","11.999999999999998","11.999999999999998","0","11.999999999999998"
"1","307","500","1.8","0.65","6","50","""2013654560""","11.999999999999998","11.999999999999998","11.999999999999998","0","11.999999999999998"
"1","308","500","1.8","0.65","6","50","""-1849338960""","11.999999999999998","11.999999999999998","11.999999999999998","0","11.999999999999998"
"1","309","500","1.8","0.65","6","50","""-187183624""","11.999999999999998","11.999999999999998","11.999999999999998","0","11.999999999999998"
"1","310","500","1.8","0.65","6","50","""-33081700""","11.999999999999998","11.999999999999998","11.999999999999998","0","11.999999999999998"
"1","311","500","3.8000000000000003","0.8","2","50","""-1765330695""","11.999999999999998","11.999999999999998","11.999999999999998","0","11.999999999999998"
"1","312","500","3.8000000000000003","0.8","2","50","""454079664""","11.999999999999998","11.999999999999998","11.999999999999998","0","11.999999999999998"
"1","313","500","3.8000000000000003","0.8","2","50","""-1693855820""","11.999999999999998","11.999999999999998","11.999999999999998","0","11.999999999999998"
"1","314","500","3.8000000000000003","0.8","2","50","""2031477470""","11.999999999999998","11.999999999999998","11.999999999999998","0","11.999999999999998"
"1","315","500","3.8000000000000003","0.8","2","50","""1669494407""","11.999999999999998","11.999999999999998","11.999999999999998","0","11.999999999999998"
"1","316","500","3.8000000000000003","0.8","2","50","""1591679957""","11.999999999999998","11.999999999999998","11.999999999999998","0","11.999999999999998"
"1","317","500","3.8000000000000003","0.8","2","50","""1897278699""","11.999999999999998","11.999999999999998","11.999999999999998","0","11.999999999999998"
"1","318","500","3.8000000000000003","0.8","2","50","""-1836713960""","11.999999999999998","11.999999999999998","11.999999999999998","0","11.999999999999998"
"1","319","500","3.8000000000000003","0.8","2","50","""-1623199670""","11.999999999999998","11.999999999999998","11.999999999999998","0","11.999999999999998"
"1","320","500","3.8000000000000003","0.8","2","50","""-565763186""","11.999999999999998","11.999999999999998","11.999999999999998","0","11.999999999999998"
"1","321","500","3.2","0","4","200","""809208229""","11.999999999999998","11.999999999999998","11.999999999999998","0","11.999999999999998"
"1","322","500","3.2","0","4","200","""1400347752""","11.999999999999998","11.999999999999998","11.999999999999998","0","11.999999999999998"
"1","323","500","3.2","0","4","200","""1066687706""","11.999999999999998","11.999999999999998","11.999999999999998","0","11.999999999999998"
"1","324","500","3.2","0","4","200","""1976016194""","11.999999999999998","11.999999999999998","11.999999999999998","0","11.999999999999998"
"1","325","500","3.2","0","4","200","""-941502000""","11.999999999999998","11.999999999999998","11.999999999999998","0","11.999999999999998"
"1","326","500","3.2","0","4","200","""-1696932847""","11.999999999999998","11.999999999999998","11.999999999999998","0","11.999999999999998"
"1","327","500","3.2","0","4","200","""-242393829""","11.999999999999998","11.999999999999998","11.999999999999998","0","11.999999999999998"
"1","328","500","3.2","0","4","200","""1863610318""","11.999999999999998","11.999999999999998","11.999999999999998","0","11.999999999999998"
"1","329","500","3.2","0","4","200","""761410145""","11.999999999999998","11.999999999999998","11.999999999999998","0","11.999999999999998"
"1","330","500","3.2","0","4","200","""-97068728""","11.999999999999998","11.999999999999998","11.999999999999998","0","11.999999999999998"
"1","331","500","0.6000000000000001","0.35000000000000003","4","0","""-267736256""","11.999999999999998","11.999999999999998","11.999999999999998","0","11.999999999999998"
"1","332","500","0.6000000000000001","0.35000000000000003","4","0","""-444864059""","11.999999999999998","11.999999999999998","11.999999999999998","0","11.999999999999998"
"1","333","500","0.6000000000000001","0.35000000000000003","4","0","""-2053924666""","11.999999999999998","11.999999999999998","11.999999999999998","0","11.999999999999998"
"1","334","500","0.6000000000000001","0.35000000000000003","4","0","""1148558088""","11.999999999999998","11.999999999999998","11.999999999999998","0","11.999999999999998"
"1","335","500","0.6000000000000001","0.35000000000000003","4","0","""1177112347""","11.999999999999998","11.999999999999998","11.999999999999998","0","11.999999999999998"
"1","336","500","0.6000000000000001","0.35000000000000003","4","0","""-99780116""","11.999999999999998","11.999999999999998","11.999999999999998","0","11.999999999999998"
"1","337","500","0.6000000000000001","0.35000000000000003","4","0","""2046656794""","11.999999999999998","11.999999999999998","11.999999999999998","0","11.999999999999998"
"1","338","500","0.6000000000000001","0.35000000000000003","4","0","""220505450""","11.999999999999998","11.999999999999998","11.999999999999998","0","11.999999999999998"
"1","339","500","0.6000000000000001","0.35000000000000003","4","0","""-599658207""","11.999999999999998","11.999999999999998","11.999999999999998","0","11.999999999999998"
"1","340","500","0.6000000000000001","0.35000000000000003","4","0","""-106259533""","11.999999999999998","11.999999999999998","11.999999999999998","0","11.999999999999998"
"1","341","500","0","0","11","25","""550831292""","11.999999999999998","11.999999999999998","11.999999999999998","0","11.999999999999998"
"1","342","500","0","0","11","25","""-2101531352""","11.999999999999998","11.999999999999998","11.999999999999998","0","11.999999999999998"
"1","343","500","0","0","11","25","""919356552""","11.999999999999998","11.999999999999998","11.999999999999998","0","11.999999999999998"
"1","344","500","0","0","11","25","""-307980527""","11.999999999999998","11.999999999999998","11.999999999999998","0","11.999999999999998"
"1","345","500","0","0","11","25","""65194070""","11.999999999999998","11.999999999999998","11.999999999999998","0","11.999999999999998"
"1","346","500","0","0","11","25","""-1688118788""","11.999999999999998","11.999999999999998","11.999999999999998","0","11.999999999999998"
"1","347","500","0","0","11","25","""1950179766""","11.999999999999998","11.999999999999998","11.999999999999998","0","11.999999999999998"
"1","348","500","0","0","11","25","""-1763666030""","11.999999999999998","11.999999999999998","11.999999999999998","0","11.999999999999998"
"1","349","500","0","0","11","25","""-1310497690""","11.999999999999998","11.999999999999998","11.999999999999998","0","11.999999999999998"
"1","350","500","0","0","11","25","""1749998643""","11.999999999999998","11.999999999999998","11.999999999999998","0","11.999999999999998"
"1","351","500","4.2","0.30000000000000004","10","125","""-345747967""","11.999999999999998","11.999999999999998","11.999999999999998","0","11.999999999999998"
"1","352","500","4.2","0.30000000000000004","10","125","""2015571856""","11.999999999999998","11.999999999999998","11.999999999999998","0","11.999999999999998"
"1","353","500","4.2","0.30000000000000004","10","125","""-455583247""","11.999999999999998","11.999999999999998","11.999999999999998","0","11.999999999999998"
"1","354","500","4.2","0.30000000000000004","10","125","""-1744298340""","11.999999999999998","11.999999999999998","11.999999999999998","0","11.999999999999998"
"1","355","500","4.2","0.30000000000000004","10","125","""-2063592732""","11.999999999999998","11.999999999999998","11.999999999999998","0","11.999999999999998"
"1","356","500","4.2","0.30000000000000004","10","125","""451886184""","11.999999999999998","11.999999999999998","11.999999999999998","0","11.999999999999998"
"1","357","500","4.2","0.30000000000000004","10","125","""-1116117920""","11.999999999999998","11.999999999999998","11.999999999999998","0","11.999999999999998"
"1","358","500","4.2","0.30000000000000004","10","125","""102295910""","11.999999999999998","11.999999999999998","11.999999999999998","0","11.999999999999998"
"1","359","500","4.2","0.30000000000000004","10","125","""-1996640713""","11.999999999999998","11.999999999999998","11.999999999999998","0","11.999999999999998"
"1","360","500","4.2","0.30000000000000004","10","125","""-2038533442""","11.999999999999998","11.999999999999998","11.999999999999998","0","11.999999999999998"
"1","361","500","2","0.55","14","50","""1278149251""","11.999999999999998","11.999999999999998","11.999999999999998","0","11.999999999999998"
"1","362","500","2","0.55","14","50","""-1635977881""","11.999999999999998","11.999999999999998","11.999999999999998","0","11.999999999999998"
"1","363","500","2","0.55","14","50","""1576470553""","11.999999999999998","11.999999999999998","11.999999999999998","0","11.999999999999998"
"1","364","500","2","0.55","14","50","""631177690""","11.999999999999998","11.999999999999998","11.999999999999998","0","11.999999999999998"
"1","365","500","2","0.55","14","50","""-1966248426""","11.999999999999998","11.999999999999998","11.999999999999998","0","11.999999999999998"
"1","366","500","2","0.55","14","50","""2105497847""","11.999999999999998","11.999999999999998","11.999999999999998","0","11.999999999999998"
"1","367","500","2","0.55","14","50","""1314190592""","11.999999999999998","11.999999999999998","11.999999999999998","0","11.999999999999998"
"1","368","500","2","0.55","14","50","""-293184362""","11.999999999999998","11.999999999999998","11.999999999999998","0","11.999999999999998"
"1","369","500","2","0.55","14","50","""1270833397""","11.999999999999998","11.999999999999998","11.999999999999998","0","11.999999999999998"
"1","370","500","2","0.55","14","50","""708541210""","11.999999999999998","11.999999999999998","11.999999999999998","0","11.999999999999998"
"1","371","500","4.800000000000001","0.2","6","200","""-423118063""","11.999999999999998","11.999999999999998","11.999999999999998","0","11.999999999999998"
"1","372","500","4.800000000000001","0.2","6","200","""-580755841""","11.999999999999998","11.999999999999998","11.999999999999998","0","11.999999999999998"
"1","373","500","4.800000000000001","0.2","6","200","""173522955""","11.999999999999998","11.999999999999998","11.999999999999998","0","11.999999999999998"
"1","374","500","4.800000000000001","0.2","6","200","""-1287045663""","11.999999999999998","11.999999999999998","11.999999999999998","0","11.999999999999998"
"1","375","500","4.800000000000001","0.2","6","200","""683484690""","11.999999999999998","11.999999999999998","11.999999999999998","0","11.999999999999998"
"1","376","500","4.800000000000001","0.2","6","200","""681128811""","11.999999999999998","11.999999999999998","11.999999999999998","0","11.999999999999998"
"1","377","500","4.800000000000001","0.2","6","200","""1592785655""","11.999999999999998","11.999999999999998","11.999999999999998","0","11.999999999999998"
"1","378","500","4.800000000000001","0.2","6","200","""-132201395""","11.999999999999998","11.999999999999998","11.999999999999998","0","11.999999999999998"
"1","379","500","4.800000000000001","0.2","6","200","""2071152710""","11.999999999999998","11.999999999999998","11.999999999999998","0","11.999999999999998"
"1","380","500","4.800000000000001","0.2","6","200","""2113671348""","11.999999999999998","11.999999999999998","11.999999999999998","0","11.999999999999998"
"1","381","500","2.6","0.5","0","75","""1673612670""","11.999999999999998","11.999999999999998","11.999999999999998","0","11.999999999999998"
"1","382","500","2.6","0.5","0","75","""-974891579""","11.999999999999998","11.999999999999998","11.999999999999998","0","11.999999999999998"
"1","383","500","2.6","0.5","0","75","""-1723628574""","11.999999999999998","11.999999999999998","11.999999999999998","0","11.999999999999998"
"1","384","500","2.6","0.5","0","75","""1404307418""","11.999999999999998","11.999999999999998","11.999999999999998","0","11.999999999999998"
"1","385","500","2.6","0.5","0","75","""1202546264""","11.999999999999998","11.999999999999998","11.999999999999998","0","11.999999999999998"
"1","386","500","2.6","0.5","0","75","""-777638661""","11.999999999999998","11.999999999999998","11.999999999999998","0","11.999999999999998"
"1","387","500","2.6","0.5","0","75","""799697220""","11.999999999999998","11.999999999999998","11.999999999999998","0","11.999999999999998"
"1","388","500","2.6","0.5","0","75","""1370041714""","11.999999999999998","11.999999999999998","11.999999999999998","0","11.999999999999998"
"1","389","500","2.6","0.5","0","75","""-24124279""","11.999999999999998","11.999999999999998","11.999999999999998","0","11.999999999999998"
"1","390","500","2.6","0.5","0","75","""-151343000""","11.999999999999998","11.999999999999998","11.999999999999998","0","11.999999999999998"
"1","391","500","0.2","0.4","6","25","""1209608850""","11.999999999999998","11.999999999999998","11.999999999999998","0","11.999999999999998"
"1","392","500","0.2","0.4","6","25","""981426993""","11.999999999999998","11.999999999999998","11.999999999999998","0","11.999999999999998"
"1","393","500","0.2","0.4","6","25","""-1952949985""","11.999999999999998","11.999999999999998","11.999999999999998","0","11.999999999999998"
"1","394","500","0.2","0.4","6","25","""-188532888""","11.999999999999998","11.999999999999998","11.999999999999998","0","11.999999999999998"
"1","395","500","0.2","0.4","6","25","""-489503453""","11.999999999999998","11.999999999999998","11.999999999999998","0","11.999999999999998"
"1","396","500","0.2","0.4","6","25","""179964389""","11.999999999999998","11.999999999999998","11.999999999999998","0","11.999999999999998"
"1","397","500","0.2","0.4","6","25","""1135724091""","11.999999999999998","11.999999999999998","11.999999999999998","0","11.999999999999998"
"1","398","500","0.2","0.4","6","25","""-1770434169""","11.999999999999998","11.999999999999998","11.999999999999998","0","11.999999999999998"
"1","399","500","0.2","0.4","6","25","""707392336""","11.999999999999998","11.999999999999998","11.999999999999998","0","11.999999999999998"
"1","400","500","0.2","0.4","6","25","""1287799413""","11.999999999999998","11.999999999999998","11.999999999999998","0","11.999999999999998"
"1","401","500","3","0.55","6","75","""-1308778660""","11.999999999999998","11.999999999999998","11.999999999999998","0","11.999999999999998"
"1","402","500","3","0.55","6","75","""675267962""","11.999999999999998","11.999999999999998","11.999999999999998","0","11.999999999999998"
"1","403","500","3","0.55","6","75","""-1677278288""","11.999999999999998","11.999999999999998","11.999999999999998","0","11.999999999999998"
"1","404","500","3","0.55","6","75","""-445095881""","11.999999999999998","11.999999999999998","11.999999999999998","0","11.999999999999998"
"1","405","500","3","0.55","6","75","""892274880""","11.999999999999998","11.999999999999998","11.999999999999998","0","11.999999999999998"
"1","406","500","3","0.55","6","75","""-1932481959""","11.999999999999998","11.999999999999998","11.999999999999998","0","11.999999999999998"
"1","407","500","3","0.55","6","75","""1171212564""","11.999999999999998","11.999999999999998","11.999999999999998","0","11.999999999999998"
"1","408","500","3","0.55","6","75","""-854018359""","11.999999999999998","11.999999999999998","11.999999999999998","0","11.999999999999998"
"1","409","500","3","0.55","6","75","""1590726772""","11.999999999999998","11.999999999999998","11.999999999999998","0","11.999999999999998"
"1","410","500","3","0.55","6","75","""977254198""","11.999999999999998","11.999999999999998","11.999999999999998","0","11.999999999999998"
"1","411","500","4.2","0.1","7","50","""-242924715""","11.999999999999998","11.999999999999998","11.999999999999998","0","11.999999999999998"
"1","412","500","4.2","0.1","7","50","""-761754307""","11.999999999999998","11.999999999999998","11.999999999999998","0","11.999999999999998"
"1","413","500","4.2","0.1","7","50","""-652893114""","11.999999999999998","11.999999999999998","11.999999999999998","0","11.999999999999998"
"1","414","500","4.2","0.1","7","50","""1688430965""","11.999999999999998","11.999999999999998","11.999999999999998","0","11.999999999999998"
"1","415","500","4.2","0.1","7","50","""-1364240381""","11.999999999999998","11.999999999999998","11.999999999999998","0","11.999999999999998"
"1","416","500","4.2","0.1","7","50","""-1657772527""","11.999999999999998","11.999999999999998","11.999999999999998","0","11.999999999999998"
"1","417","500","4.2","0.1","7","50","""-1402086214""","11.999999999999998","11.999999999999998","11.999999999999998","0","11.999999999999998"
"1","418","500","4.2","0.1","7","50","""-1791165158""","11.999999999999998","11.999999999999998","11.999999999999998","0","11.999999999999998"
"1","419","500","4.2","0.1","7","50","""-700487466""","11.999999999999998","11.999999999999998","11.999999999999998","0","11.999999999999998"
"1","420","500","4.2","0.1","7","50","""703404363""","11.999999999999998","11.999999999999998","11.999999999999998","0","11.999999999999998"
"1","421","500","4.800000000000001","0.55","10","125","""-1107772134""","11.999999999999998","11.999999999999998","11.999999999999998","0","11.999999999999998"
"1","422","500","4.800000000000001","0.55","10","125","""-1787588536""","11.999999999999998","11.999999999999998","11.999999999999998","0","11.999999999999998"
"1","423","500","4.800000000000001","0.55","10","125","""1186445770""","11.999999999999998","11.999999999999998","11.999999999999998","0","11.999999999999998"
"1","424","500","4.800000000000001","0.55","10","125","""711512635""","11.999999999999998","11.999999999999998","11.999999999999998","0","11.999999999999998"
"1","425","500","4.800000000000001","0.55","10","125","""-900061158""","11.999999999999998","11.999999999999998","11.999999999999998","0","11.999999999999998"
"1","426","500","4.800000000000001","0.55","10","125","""-1578373498""","11.999999999999998","11.999999999999998","11.999999999999998","0","11.999999999999998"
"1","427","500","4.800000000000001","0.55","10","125","""148437049""","11.999999999999998","11.999999999999998","11.999999999999998","0","11.999999999999998"
"1","428","500","4.800000000000001","0.55","10","125","""455163916""","11.999999999999998","11.999999999999998","11.999999999999998","0","11.999999999999998"
"1","429","500","4.800000000000001","0.55","10","125","""264140498""","11.999999999999998","11.999999999999998","11.999999999999998","0","11.999999999999998"
"1","430","500","4.800000000000001","0.55","10","125","""1070949093""","11.999999999999998","11.999999999999998","11.999999999999998","0","11.999999999999998"
"1","431","500","3.4000000000000004","0.65","14","125","""-829034895""","11.999999999999998","11.999999999999998","11.999999999999998","0","11.999999999999998"
"1","432","500","3.4000000000000004","0.65","14","125","""690677288""","11.999999999999998","11.999999999999998","11.999999999999998","0","11.999999999999998"
"1","433","500","3.4000000000000004","0.65","14","125","""253685291""","11.999999999999998","11.999999999999998","11.999999999999998","0","11.999999999999998"
"1","434","500","3.4000000000000004","0.65","14","125","""-1483709110""","11.999999999999998","11.999999999999998","11.999999999999998","0","11.999999999999998"
"1","435","500","3.4000000000000004","0.65","14","125","""357645269""","11.999999999999998","11.999999999999998","11.999999999999998","0","11.999999999999998"
"1","436","500","3.4000000000000004","0.65","14","125","""-725077346""","11.999999999999998","11.999999999999998","11.999999999999998","0","11.999999999999998"
"1","437","500","3.4000000000000004","0.65","14","125","""-951429316""","11.999999999999998","11.999999999999998","11.999999999999998","0","11.999999999999998"
"1","438","500","3.4000000000000004","0.65","14","125","""376357259""","11.999999999999998","11.999999999999998","11.999999999999998","0","11.999999999999998"
"1","439","500","3.4000000000000004","0.65","14","125","""291672759""","11.999999999999998","11.999999999999998","11.999999999999998","0","11.999999999999998"
"1","440","500","3.4000000000000004","0.65","14","125","""-1406275739""","11.999999999999998","11.999999999999998","11.999999999999998","0","11.999999999999998"
"1","441","500","4.4","0.15000000000000002","4","100","""-196925752""","11.999999999999998","11.999999999999998","11.999999999999998","0","11.999999999999998"
"1","442","500","4.4","0.15000000000000002","4","100","""1542081547""","11.999999999999998","11.999999999999998","11.999999999999998","0","11.999999999999998"
"1","443","500","4.4","0.15000000000000002","4","100","""-333047576""","11.999999999999998","11.999999999999998","11.999999999999998","0","11.999999999999998"
"1","444","500","4.4","0.15000000000000002","4","100","""-1676710841""","11.999999999999998","11.999999999999998","11.999999999999998","0","11.999999999999998"
"1","445","500","4.4","0.15000000000000002","4","100","""1277231439""","11.999999999999998","11.999999999999998","11.999999999999998","0","11.999999999999998"
"1","446","500","4.4","0.15000000000000002","4","100","""1840940894""","11.999999999999998","11.999999999999998","11.999999999999998","0","11.999999999999998"
"1","447","500","4.4","0.15000000000000002","4","100","""-1137168786""","11.999999999999998","11.999999999999998","11.999999999999998","0","11.999999999999998"
"1","448","500","4.4","0.15000000000000002","4","100","""648576508""","11.999999999999998","11.999999999999998","11.999999999999998","0","11.999999999999998"
"1","449","500","4.4","0.15000000000000002","4","100","""-1298266112""","11.999999999999998","11.999999999999998","11.999999999999998","0","11.999999999999998"
"1","450","500","4.4","0.15000000000000002","4","100","""-120783433""","11.999999999999998","11.999999999999998","11.999999999999998","0","11.999999999999998"
"1","451","500","1.8","0.30000000000000004","0","125","""-802358714""","11.999999999999998","11.999999999999998","11.999999999999998","0","11.999999999999998"
"1","452","500","1.8","0.30000000000000004","0","125","""-753821188""","11.999999999999998","11.999999999999998","11.999999999999998","0","11.999999999999998"
"1","453","500","1.8","0.30000000000000004","0","125","""1523000692""","11.999999999999998","11.999999999999998","11.999999999999998","0","11.999999999999998"
"1","454","500","1.8","0.30000000000000004","0","125","""1236501690""","11.999999999999998","11.999999999999998","11.999999999999998","0","11.999999999999998"
"1","455","500","1.8","0.30000000000000004","0","125","""-869558678""","11.999999999999998","11.999999999999998","11.999999999999998","0","11.999999999999998"
"1","456","500","1.8","0.30000000000000004","0","125","""1770961637""","11.999999999999998","11.999999999999998","11.999999999999998","0","11.999999999999998"
"1","457","500","1.8","0.30000000000000004","0","125","""231930982""","11.999999999999998","11.999999999999998","11.999999999999998","0","11.999999999999998"
"1","458","500","1.8","0.30000000000000004","0","125","""-367236082""","11.999999999999998","11.999999999999998","11.999999999999998","0","11.999999999999998"
"1","459","500","1.8","0.30000000000000004","0","125","""-970786849""","11.999999999999998","11.999999999999998","11.999999999999998","0","11.999999999999998"
"1","460","500","1.8","0.30000000000000004","0","125","""-311923159""","11.999999999999998","11.999999999999998","11.999999999999998","0","11.999999999999998"
"1","461","500","0.8","0.8500000000000001","11","75","""70101207""","11.999999999999998","11.999999999999998","11.999999999999998","0","11.999999999999998"
"1","462","500","0.8","0.8500000000000001","11","75","""-1428117030""","11.999999999999998","11.999999999999998","11.999999999999998","0","11.999999999999998"
"1","463","500","0.8","0.8500000000000001","11","75","""-1088815143""","11.999999999999998","11.999999999999998","11.999999999999998","0","11.999999999999998"
"1","464","500","0.8","0.8500000000000001","11","75","""-803081675""","11.999999999999998","11.999999999999998","11.999999999999998","0","11.999999999999998"
"1","465","500","0.8","0.8500000000000001","11","75","""1275669145""","11.999999999999998","11.999999999999998","11.999999999999998","0","11.999999999999998"
"1","466","500","0.8","0.8500000000000001","11","75","""-1661807040""","11.999999999999998","11.999999999999998","11.999999999999998","0","11.999999999999998"
"1","467","500","0.8","0.8500000000000001","11","75","""1835465378""","11.999999999999998","11.999999999999998","11.999999999999998","0","11.999999999999998"
"1","468","500","0.8","0.8500000000000001","11","75","""1163559666""","11.999999999999998","11.999999999999998","11.999999999999998","0","11.999999999999998"
"1","469","500","0.8","0.8500000000000001","11","75","""585048737""","11.999999999999998","11.999999999999998","11.999999999999998","0","11.999999999999998"
"1","470","500","0.8","0.8500000000000001","11","75","""-332946474""","11.999999999999998","11.999999999999998","11.999999999999998","0","11.999999999999998"
"1","471","500","3.4000000000000004","0.05","19","25","""-959609797""","11.999999999999998","11.999999999999998","11.999999999999998","0","11.999999999999998"
"1","472","500","3.4000000000000004","0.05","19","25","""-1507999347""","11.999999999999998","11.999999999999998","11.999999999999998","0","11.999999999999998"
"1","473","500","3.4000000000000004","0.05","19","25","""-240225675""","11.999999999999998","11.999999999999998","11.999999999999998","0","11.999999999999998"
"1","474","500","3.4000000000000004","0.05","19","25","""525029561""","11.999999999999998","11.999999999999998","11.999999999999998","0","11.999999999999998"
"1","475","500","3.4000000000000004","0.05","19","25","""2053786900""","11.999999999999998","11.999999999999998","11.999999999999998","0","11.999999999999998"
"1","476","500","3.4000000000000004","0.05","19","25","""-1217366303""","11.999999999999998","11.999999999999998","11.999999999999998","0","11.999999999999998"
"1","477","500","3.4000000000000004","0.05","19","25","""-1868173620""","11.999999999999998","11.999999999999998","11.999999999999998","0","11.999999999999998"
"1","478","500","3.4000000000000004","0.05","19","25","""344814074""","11.999999999999998","11.999999999999998","11.999999999999998","0","11.999999999999998"
"1","479","500","3.4000000000000004","0.05","19","25","""699525683""","11.999999999999998","11.999999999999998","11.999999999999998","0","11.999999999999998"
"1","480","500","3.4000000000000004","0.05","19","25","""178445649""","11.999999999999998","11.999999999999998","11.999999999999998","0","11.999999999999998"
"1","481","500","4","0.35000000000000003","11","100","""-586935911""","11.999999999999998","11.999999999999998","11.999999999999998","0","11.999999999999998"
"1","482","500","4","0.35000000000000003","11","100","""-1261331911""","11.999999999999998","11.999999999999998","11.999999999999998","0","11.999999999999998"
"1","483","500","4","0.35000000000000003","11","100","""-282519390""","11.999999999999998","11.999999999999998","11.999999999999998","0","11.999999999999998"
"1","484","500","4","0.35000000000000003","11","100","""-1880105710""","11.999999999999998","11.999999999999998","11.999999999999998","0","11.999999999999998"
"1","485","500","4","0.35000000000000003","11","100","""514313460""","11.999999999999998","11.999999999999998","11.999999999999998","0","11.999999999999998"
"1","486","500","4","0.35000000000000003","11","100","""544010390""","11.999999999999998","11.999999999999998","11.999999999999998","0","11.999999999999998"
"1","487","500","4","0.35000000000000003","11","100","""1272301044""","11.999999999999998","11.999999999999998","11.999999999999998","0","11.999999999999998"
"1","488","500","4","0.35000000000000003","11","100","""-1495776447""","11.999999999999998","11.999999999999998","11.999999999999998","0","11.999999999999998"
"1","489","500","4","0.35000000000000003","11","100","""-1450931586""","11.999999999999998","11.999999999999998","11.999999999999998","0","11.999999999999998"
"1","490","500","4","0.35000000000000003","11","100","""-138829090""","11.999999999999998","11.999999999999998","11.999999999999998","0","11.999999999999998"
"1","491","500","2.2","0.2","14","150","""43165877""","11.999999999999998","11.999999999999998","11.999999999999998","0","11.999999999999998"
"1","492","500","2.2","0.2","14","150","""-529570559""","11.999999999999998","11.999999999999998","11.999999999999998","0","11.999999999999998"
"1","493","500","2.2","0.2","14","150","""853753226""","11.999999999999998","11.999999999999998","11.999999999999998","0","11.999999999999998"
"1","494","500","2.2","0.2","14","150","""-155728638""","11.999999999999998","11.999999999999998","11.999999999999998","0","11.999999999999998"
"1","495","500","2.2","0.2","14","150","""1601617066""","11.999999999999998","11.999999999999998","11.999999999999998","0","11.999999999999998"
"1","496","500","2.2","0.2","14","150","""-914212044""","11.999999999999998","11.999999999999998","11.999999999999998","0","11.999999999999998"
"1","497","500","2.2","0.2","14","150","""376786705""","11.999999999999998","11.999999999999998","11.999999999999998","0","11.999999999999998"
"1","498","500","2.2","0.2","14","150","""1470311246""","11.999999999999998","11.999999999999998","11.999999999999998","0","11.999999999999998"
"1","499","500","2.2","0.2","14","150","""-1424181406""","11.999999999999998","11.999999999999998","11.999999999999998","0","11.999999999999998"
"1","500","500","2.2","0.2","14","150","""-691687414""","11.999999999999998","11.999999999999998","11.999999999999998","0","11.999999999999998"
